<?xml version='1.0' encoding='utf-8'?>
<model>
  <materials>
    <material depletable="true" id="1" name="uo2">
      <density units="g/cm3" value="10.0" />
      <nuclide ao="0.00229" name="U235" />
      <nuclide ao="0.13847" name="U238" />
      <nuclide ao="0.29" name="O16" />
      <nuclide ao="0.57" name="H1" />
      <sab name="c_H_in_H2O" />
    </material>
    <material id="38">
      <density units="g/cm3" value="2.5" />
      <nuclide ao="0.7928" name="B10" />
      <nuclide ao="3.2072" name="B11" />
      <nuclide ao="1.0" name="C0" />
    </material>
  </materials>
  <geometry>
    <cell id="1" material="1" name="fuel" region="-325 326 -327 ~(-328 329 -330)" universe="37" />
    <cell id="2" material="38" name="control rod" region="-328 329 -330" universe="37" />
    <cell id="3" material="void" name="Outside (void)" region="-331 332 -333 ~(-328 329 -330) ~(-325 326 -327 ~(-328 329 -330))" universe="37" />
    <surface coeffs="0.0 0.0 25" id="325" type="z-cylinder" />
    <surface coeffs="-25.0" id="326" type="z-plane" />
    <surface coeffs="25.0" id="327" type="z-plane" />
    <surface coeffs="0.0 0.0 10" id="328" type="z-cylinder" />
    <surface coeffs="-0.9765625" id="329" type="z-plane" />
    <surface coeffs="25.0" id="330" type="z-plane" />
    <surface boundary="vacuum" coeffs="0.0 0.0 62.5" id="331" type="z-cylinder" />
    <surface boundary="vacuum" coeffs="-35.0" id="332" type="z-plane" />
    <surface boundary="vacuum" coeffs="35.0" id="333" type="z-plane" />
  </geometry>
  <settings>
    <run_mode>eigenvalue</run_mode>
    <particles>20000</particles>
    <batches>120</batches>
    <inactive>20</inactive>
    <source strength="1.0">
      <space origin="0.0 0.0 0.0" type="cylindrical">
        <r parameters="10 25" type="uniform" />
        <phi parameters="0.0 6.283185307179586" type="uniform" />
        <z parameters="-25.0 25.0" type="uniform" />
      </space>
    </source>
    <output>
      <tallies>false</tallies>
    </output>
  </settings>
  </model>
