<?xml version='1.0' encoding='utf-8'?>
<model>
  <materials>
    <material depletable="true" id="16" name="uo2" temperature="1200">
      <density units="g/cm3" value="10.5" />
      <nuclide ao="0.04" name="U235" />
      <nuclide ao="0.96" name="U238" />
      <nuclide ao="2.0" name="O16" />
    </material>
    <material id="17" name="zirconium" temperature="900">
      <density units="g/cm3" value="6.6" />
      <nuclide ao="0.5145" name="Zr90" />
      <nuclide ao="0.1122" name="Zr91" />
      <nuclide ao="0.1715" name="Zr92" />
      <nuclide ao="0.1738" name="Zr94" />
      <nuclide ao="0.028" name="Zr96" />
    </material>
    <material id="18" name="h2o">
      <density units="g/cm3" value="0.74" />
      <nuclide ao="2.0" name="H1" />
      <nuclide ao="1.0" name="O16" />
      <sab name="c_H_in_H2O" />
    </material>
  </materials>
  <geometry>
    <cell id="21" material="16" name="fuel" region="-36" universe="6" />
    <cell id="22" material="void" name="air gap" region="36 -37" universe="6" />
    <cell id="23" material="17" name="clad" region="37 -38" universe="6" />
    <cell id="24" material="18" name="moderator" region="39 -40 41 -42 38" universe="6" />
    <surface coeffs="0.0 0.0 0.41" id="36" type="z-cylinder" />
    <surface coeffs="0.0 0.0 0.42" id="37" type="z-cylinder" />
    <surface coeffs="0.0 0.0 0.45" id="38" type="z-cylinder" />
    <surface boundary="reflective" coeffs="-0.63" id="39" type="x-plane" />
    <surface boundary="reflective" coeffs="0.63" id="40" type="x-plane" />
    <surface boundary="reflective" coeffs="-0.63" id="41" type="y-plane" />
    <surface boundary="reflective" coeffs="0.63" id="42" type="y-plane" />
  </geometry>
  <settings>
    <run_mode>eigenvalue</run_mode>
    <particles>2000</particles>
    <batches>200</batches>
    <inactive>20</inactive>
    <source strength="1.0">
      <space type="point">
        <parameters>0 0 0</parameters>
      </space>
    </source>
    <output>
      <tallies>false</tallies>
    </output>
  </settings>
  </model>
