<?xml version='1.0' encoding='utf-8'?>
<materials>
  <material depletable="true" id="1" name="uo2">
    <density units="g/cm3" value="10.5" />
    <nuclide ao="0.04" name="U235" />
    <nuclide ao="0.96" name="U238" />
    <nuclide ao="2.0" name="O16" />
  </material>
  <material id="2" name="zirconium">
    <density units="g/cm3" value="6.6" />
    <nuclide ao="0.1122" name="Zr91" />
    <nuclide ao="0.028" name="Zr96" />
    <nuclide ao="0.1715" name="Zr92" />
    <nuclide ao="0.1738" name="Zr94" />
    <nuclide ao="0.5145" name="Zr90" />
  </material>
  <material id="3" name="h2o">
    <density units="g/cm3" value="0.75" />
    <nuclide ao="2.0" name="H1" />
    <nuclide ao="1.0" name="O16" />
    <sab name="c_H_in_H2O" />
  </material>
</materials>
