<?xml version='1.0' encoding='utf-8'?>
<materials>
  <material depletable="true" id="1" name="uo2" volume="6.60519855417254">
    <density units="g/cm3" value="18.167" />
    <nuclide ao="0.00707444999" name="U235" />
    <nuclide ao="0.98792555" name="U238" />
    <nuclide ao="0.005" name="Al27" />
  </material>
  <material id="2" name="Mg-Al clad">
    <density units="g/cm3" value="1.738" />
    <nuclide name="Al27" wo="0.01" />
    <nuclide name="Mg24" wo="0.7713054528244857" />
    <nuclide name="Mg25" wo="0.10197410731990249" />
    <nuclide name="Mg26" wo="0.11672043985561183" />
  </material>
  <material id="3" name="graphite">
    <density units="g/cm3" value="1.7" />
    <nuclide ao="1" name="C0" />
    <sab name="c_Graphite" />
  </material>
</materials>
